 file_number,mc_time, temperature, number_adsorbates, coverage, mc_step, cpu_time, rewrites, sorting, diff1, diff2, diff3, diff4, diff5, diff6, enclosed_atoms 
 001,0,	60,	0,	0,	0,	0,	0,	0,	0,	0,	0,	0,	0,	0,	0 
 002,0.0177778,	60,	1,	4.44444e-05,	1,	0.000362,	1,	0,	0,	0,	1,	0,	0,	0,	0 
 003,0.20002,	60,	22,	0.000977778,	3754,	0.012813,	3792,	0,	600,	616,	602,	661,	616,	638,	0 
 004,0.400001,	60,	44,	0.00195556,	10932,	0.065537,	11019,	0,	1781,	1814,	1758,	1908,	1802,	1826,	0 
 005,0.600009,	60,	67,	0.00297778,	18672,	0.147282,	18829,	0,	3030,	3093,	3066,	3245,	3089,	3083,	0 
 006,0.800007,	60,	89,	0.00395556,	27017,	0.269332,	27251,	0,	4400,	4492,	4426,	4664,	4491,	4456,	0 
 007,1.00001,	60,	112,	0.00497778,	35368,	0.436299,	35707,	0,	5785,	5861,	5800,	6048,	5876,	5887,	0 
 008,1.20004,	60,	134,	0.00595556,	40713,	0.60681,	41166,	0,	6693,	6772,	6666,	6929,	6741,	6779,	0 
 009,1.40002,	60,	157,	0.00697778,	46221,	0.819985,	46762,	0,	7575,	7685,	7596,	7854,	7680,	7675,	0 
 010,1.60003,	60,	179,	0.00795556,	52674,	1.08398,	53295,	0,	8629,	8803,	8652,	8953,	8706,	8753,	0 
 011,1.8,	60,	202,	0.00897778,	57510,	1.37399,	58234,	0,	9438,	9620,	9414,	9791,	9517,	9529,	0 
 012,2.00003,	60,	224,	0.00995556,	63205,	1.72034,	64013,	3,	10442,	10527,	10337,	10740,	10466,	10470,	1 
 013,2.20004,	62.9991,	225,	0.01,	67656,	1.8505,	68504,	57,	11185,	11250,	11095,	11484,	11177,	11241,	2 
 014,2.40181,	65.9944,	225,	0.01,	68804,	1.89873,	69734,	57,	11369,	11456,	11293,	11675,	11358,	11429,	2 
 015,2.60059,	68.9934,	225,	0.01,	68968,	1.93542,	70058,	57,	11394,	11479,	11323,	11703,	11389,	11456,	2 
 016,2.8,	71.9995,	225,	0.01,	69614,	2.00457,	71046,	57,	11496,	11585,	11434,	11804,	11506,	11565,	2 
 017,3.0004,	74.9987,	225,	0.01,	70472,	2.08937,	72335,	57,	11620,	11730,	11558,	11962,	11681,	11697,	2 
 018,3.20243,	77.9483,	225,	0.01,	71495,	2.17994,	73794,	57,	11805,	11908,	11722,	12138,	11840,	11858,	2 
 019,3.40559,	80.9726,	225,	0.01,	71561,	2.20758,	73926,	57,	11818,	11919,	11734,	12152,	11848,	11866,	2 
 020,3.60112,	83.9255,	225,	0.01,	71633,	2.2372,	74070,	57,	11834,	11928,	11745,	12169,	11857,	11876,	2 
 021,3.80281,	86.9906,	225,	0.01,	71705,	2.26757,	74214,	57,	11841,	11943,	11757,	12175,	11875,	11890,	2 
 022,4.00321,	89.9927,	225,	0.01,	71826,	2.30936,	74456,	57,	11860,	11964,	11781,	12193,	11895,	11909,	2 
 023,4.20072,	92.9876,	225,	0.01,	72045,	2.3654,	74893,	57,	11900,	12002,	11811,	12236,	11933,	11939,	2 
 024,4.40052,	95.9983,	225,	0.01,	72549,	2.47494,	75888,	57,	11993,	12089,	11893,	12321,	12019,	12010,	2 
 025,4.60338,	98.9576,	225,	0.01,	73255,	2.58424,	77037,	57,	12108,	12207,	12021,	12435,	12135,	12125,	2 
 026,4.80222,	101.966,	225,	0.01,	73460,	2.64887,	77445,	57,	12147,	12237,	12059,	12468,	12169,	12156,	2 
 027,5.0023,	104.989,	225,	0.01,	75725,	2.94143,	81010,	57,	12510,	12635,	12445,	12813,	12573,	12525,	2 
 028,5.20046,	107.988,	225,	0.01,	76219,	3.05858,	81946,	61,	12589,	12716,	12522,	12900,	12666,	12602,	2 
 029,5.40003,	110.999,	225,	0.01,	78537,	3.32346,	85269,	72,	12970,	13093,	12973,	13269,	13021,	12987,	2 
 030,5.60021,	113.995,	225,	0.01,	80199,	3.49163,	87451,	142,	13255,	13404,	13231,	13520,	13304,	13261,	2 
 031,5.80197,	116.942,	225,	0.01,	80615,	3.61151,	88283,	149,	13317,	13480,	13301,	13584,	13382,	13327,	2 
 032,6.00168,	119.926,	225,	0.01,	81148,	3.75983,	89346,	157,	13408,	13571,	13387,	13675,	13479,	13404,	2 
 033,6.20211,	122.994,	225,	0.01,	82401,	4.09625,	91837,	183,	13595,	13779,	13614,	13850,	13715,	13624,	2 
 034,6.40203,	125.997,	225,	0.01,	83102,	4.29243,	93223,	250,	13701,	13905,	13734,	13956,	13845,	13737,	3 
 035,6.60003,	129,	225,	0.01,	88760,	5.15478,	101794,	471,	14666,	14947,	14630,	14868,	14835,	14590,	3 
 036,6.80035,	131.986,	225,	0.01,	102234,	7.02084,	122254,	660,	16852,	17229,	16851,	17130,	17121,	16827,	4 
 037,7.00001,	134.999,	225,	0.01,	135989,	11.382,	171736,	1835,	22456,	22949,	22435,	22700,	22892,	22333,	7 
 038,7.20014,	137.997,	225,	0.01,	166177,	16.1126,	218895,	3752,	27462,	27939,	27453,	27784,	28000,	27315,	8 
 039,7.40001,	140.999,	225,	0.01,	192020,	20.3101,	260358,	5102,	31842,	32404,	31578,	32115,	32335,	31522,	14 
 040,7.60017,	143.997,	225,	0.01,	212899,	24.1365,	295734,	6882,	35219,	35886,	35039,	35663,	35975,	34893,	21 
 041,7.80047,	146.999,	225,	0.01,	236031,	27.8174,	331591,	8588,	39018,	39816,	38892,	39495,	39836,	38750,	22 
 042,8.00004,	149.996,	225,	0.01,	325363,	38.8648,	457241,	15817,	54281,	54662,	53738,	54526,	54596,	53336,	32 
 043,8.20026,	152.998,	225,	0.01,	348215,	42.5995,	492140,	18961,	58120,	58530,	57381,	58326,	58414,	57220,	33 
 044,8.40188,	155.988,	225,	0.01,	367327,	45.5478,	519905,	20408,	61285,	61688,	60621,	61570,	61564,	60375,	44 
 045,8.60012,	158.974,	225,	0.01,	370348,	46.3164,	525501,	21412,	61801,	62200,	61118,	62062,	62080,	60863,	46 
 046,8.8001,	161.994,	225,	0.01,	383732,	48.6723,	546689,	23751,	64079,	64479,	63323,	64304,	64271,	63052,	54 
 047,9.00111,	164.994,	225,	0.01,	401723,	50.0704,	568672,	27401,	67074,	67412,	66258,	67387,	67219,	66149,	52 
 048,9.2005,	167.968,	225,	0.01,	419417,	52.7522,	595400,	32319,	70005,	70289,	69151,	70428,	70206,	69114,	54 
 049,9.4,	170.994,	225,	0.01,	456327,	57.7127,	647948,	37408,	76184,	76462,	75485,	76550,	76336,	75086,	55 
 050,9.60006,	173.998,	225,	0.01,	464879,	58.9094,	659371,	43941,	77634,	77879,	76889,	77985,	77788,	76480,	59 
 051,9.80032,	176.994,	225,	0.01,	495317,	62.7382,	701014,	52647,	82756,	83030,	81907,	83073,	82851,	81476,	57 
 052,10.0006,	179.994,	225,	0.01,	498335,	63.6864,	706974,	54669,	83266,	83513,	82387,	83604,	83365,	81976,	60 
 053,10.2001,	182.999,	225,	0.01,	507712,	66.6475,	725020,	60729,	84827,	85132,	83916,	85212,	84997,	83404,	59 
 054,10.4,	185.999,	225,	0.01,	531881,	70.248,	758701,	72273,	88874,	89366,	87877,	89270,	89008,	87262,	59 
 055,10.6,	188.999,	225,	0.01,	575483,	79.1468,	827991,	98416,	96311,	96884,	94965,	96653,	96323,	94123,	58 
 056,10.8,	192,	225,	0.01,	652786,	90.714,	937286,	127850,	109188,	109901,	107674,	109534,	109342,	106923,	58 
 057,11,	194.999,	225,	0.01,	768659,	106.715,	1095896,	174829,	128849,	129117,	126987,	128954,	128422,	126106,	73 
 058,11.2,	197.999,	225,	0.01,	907662,	123.747,	1280542,	229669,	151931,	152437,	150436,	152504,	151488,	148642,	84 
 059,11.4,	200.999,	225,	0.01,	986702,	138.064,	1395989,	287314,	165387,	166132,	163114,	165874,	164576,	161395,	64 
 060,11.6,	204,	225,	0.01,	1.13795e+06,	157.914,	1601665,	332384,	190901,	191601,	187699,	191492,	190502,	185535,	86 
 061,11.8,	206.999,	225,	0.01,	1.22298e+06,	174.786,	1727470,	397336,	205540,	206135,	201272,	206113,	204763,	198928,	73 
 062,12,	210,	225,	0.01,	1.32385e+06,	196.755,	1882692,	470273,	222716,	223464,	217488,	223427,	221563,	214971,	82 
 063,12.2,	210,	225,	0.01,	1.58646e+06,	230.413,	2227688,	587301,	267280,	267317,	260815,	267548,	265162,	258114,	88 
 064,12.4,	210,	225,	0.01,	1.66035e+06,	248.712,	2351696,	644425,	280142,	279604,	272530,	280393,	277477,	269981,	86 
 065,12.6,	210,	225,	0.01,	1.78777e+06,	268.758,	2529820,	708532,	302045,	301005,	292982,	301997,	298540,	290975,	89 
 066,12.8,	210,	225,	0.01,	1.86205e+06,	285.948,	2650727,	755562,	314993,	313568,	304817,	314830,	310853,	302767,	89 
 067,13,	210,	225,	0.01,	1.97161e+06,	305.594,	2812488,	809133,	333555,	332304,	322321,	333462,	329693,	320049,	92 
 068,13.2,	210,	225,	0.01,	2.11344e+06,	327.614,	3009278,	905098,	357539,	356139,	345041,	357616,	353814,	343070,	99 
 069,13.4,	210,	225,	0.01,	2.21376e+06,	345.869,	3155359,	985918,	374902,	373046,	361389,	374404,	370577,	359218,	85 
 070,13.6,	210,	225,	0.01,	2.37723e+06,	366.367,	3366214,	1108140,	403008,	400174,	388271,	401909,	397600,	386046,	98 
 071,13.8,	210,	225,	0.01,	2.49341e+06,	385.94,	3532975,	1175614,	422569,	420479,	407070,	421580,	417086,	404399,	94 
 072,14,	210,	225,	0.01,	2.60259e+06,	405.35,	3692397,	1247532,	441098,	439242,	424868,	439819,	435307,	422032,	81 
 073,14.2,	210,	225,	0.01,	2.70611e+06,	424.508,	3846369,	1316937,	459173,	457099,	441268,	457255,	452581,	438512,	82 
 074,14.4,	210,	225,	0.01,	2.8271e+06,	443.539,	4015431,	1397779,	480228,	477991,	460548,	477487,	472833,	457790,	101 
 075,14.6,	210,	225,	0.01,	2.91019e+06,	461.881,	4147301,	1461564,	494618,	491629,	474177,	491818,	486766,	470956,	86 
 076,14.8,	210,	225,	0.01,	3.0539e+06,	485.137,	4350425,	1550775,	519085,	515103,	497268,	516482,	511235,	494502,	84 
 077,15,	210,	225,	0.01,	3.30055e+06,	515.414,	4674121,	1661331,	561754,	556345,	537153,	558415,	552788,	533875,	104 
 078,15.2,	210,	225,	0.01,	3.41782e+06,	531.266,	4829811,	1720050,	582474,	576425,	555779,	578262,	572090,	552569,	114 
 079,15.4,	210,	225,	0.01,	3.4908e+06,	545.706,	4939743,	1773083,	595124,	588649,	567405,	590675,	584761,	563961,	91 
 080,15.6,	210,	225,	0.01,	3.59486e+06,	560.721,	5081626,	1824345,	612792,	606289,	584320,	608125,	602414,	580697,	105 
 081,15.8,	210,	225,	0.01,	3.66918e+06,	574.186,	5189217,	1890721,	625517,	618888,	595685,	621685,	614769,	592414,	109 
 082,16,	210,	225,	0.01,	3.76374e+06,	589.763,	5323117,	1942487,	642139,	634709,	610467,	638167,	630709,	607325,	98 
 083,16.2,	210,	225,	0.01,	3.85449e+06,	605.948,	5454069,	2008821,	657869,	649866,	625202,	653815,	645914,	621596,	110 
 084,16.4001,	210,	225,	0.01,	3.96155e+06,	621.301,	5599702,	2061717,	676127,	668269,	642665,	671752,	663718,	638794,	108 
 085,16.6,	210,	225,	0.01,	4.0294e+06,	634.109,	5700084,	2108265,	688122,	679740,	653438,	683376,	675150,	649353,	104 
 086,16.8,	210,	225,	0.01,	4.0952e+06,	647.266,	5800098,	2149983,	699208,	690822,	664389,	694442,	686311,	659805,	114 
 087,17,	210,	225,	0.01,	4.1698e+06,	661.577,	5911415,	2202821,	712135,	703759,	676200,	707219,	698764,	671501,	100 
 088,17.2,	210,	225,	0.01,	4.24941e+06,	676.634,	6028748,	2261683,	726206,	716675,	688861,	720991,	712069,	684387,	97 
 089,17.4,	210,	225,	0.01,	4.31444e+06,	691.301,	6132469,	2303031,	737352,	727433,	699351,	732475,	723027,	694575,	98 
 090,17.6,	210,	225,	0.01,	4.43615e+06,	707.585,	6291598,	2387027,	757823,	748067,	719043,	752939,	743300,	714752,	103 
 091,17.8,	210,	225,	0.01,	4.52245e+06,	722.518,	6415888,	2438588,	772440,	762836,	732927,	767361,	758261,	728400,	96 
 092,18,	210,	225,	0.01,	4.56541e+06,	733.918,	6489816,	2465902,	779788,	770144,	739980,	774777,	765239,	735254,	101 
 093,18.2,	210,	225,	0.01,	4.6577e+06,	749.569,	6620877,	2527372,	795404,	786021,	754976,	790511,	780587,	749979,	100 
 094,18.4,	210,	225,	0.01,	4.70996e+06,	762.374,	6706900,	2568091,	804633,	794947,	763199,	799431,	789364,	758162,	103 
 095,18.6,	210,	225,	0.01,	4.81762e+06,	779.319,	6854623,	2654530,	823691,	813234,	779928,	817565,	807581,	775393,	101 
 096,18.8,	210,	225,	0.01,	4.8985e+06,	793.976,	6972038,	2719832,	837445,	826889,	792752,	831566,	821329,	788296,	103 
 097,19,	210,	225,	0.01,	4.99094e+06,	808.775,	7101026,	2786557,	853544,	842280,	807872,	847093,	836577,	803355,	97 
 098,19.2,	210,	225,	0.01,	5.06788e+06,	824.384,	7218117,	2838681,	866981,	855283,	819939,	860308,	849611,	815538,	102 
 099,19.4,	210,	225,	0.01,	5.1784e+06,	838.945,	7364227,	2890433,	885930,	874414,	837400,	878858,	868025,	833546,	97 
 100,19.6,	210,	225,	0.01,	5.25184e+06,	854.397,	7478054,	2936614,	898468,	886697,	849323,	891442,	880280,	845408,	97 
 101,19.8,	210,	225,	0.01,	5.31361e+06,	866.363,	7570123,	2986355,	908867,	897099,	859422,	901680,	890748,	855569,	99 
 102,20,	210,	225,	0.01,	5.42418e+06,	881.16,	7715388,	3057555,	927854,	915381,	877110,	920326,	909478,	873811,	88 
 103,20.2,	210,	225,	0.01,	5.50076e+06,	894.655,	7826817,	3099045,	940827,	928654,	889280,	933205,	922459,	886110,	100 
 104,20.4,	210,	225,	0.01,	5.58475e+06,	910.127,	7949164,	3163947,	955250,	943009,	902815,	947633,	936371,	899446,	96 
 105,20.6,	210,	225,	0.01,	5.69134e+06,	925.032,	8091762,	3225570,	972978,	961121,	920103,	965370,	954933,	916612,	101 
 106,20.8,	210,	225,	0.01,	5.77517e+06,	939.811,	8213688,	3271399,	987381,	975393,	933250,	979878,	969203,	929844,	84 
 107,21,	210,	225,	0.01,	5.85483e+06,	953.585,	8328366,	3320982,	1000983,	989125,	946248,	993326,	982503,	942424,	90 
 108,21.2,	210,	225,	0.01,	5.93918e+06,	968.911,	8452363,	3362829,	1015709,	1003464,	959560,	1008353,	996414,	955451,	100 
 109,21.4,	210,	225,	0.01,	6.02936e+06,	983.648,	8579118,	3423326,	1031185,	1018887,	974031,	1023685,	1011810,	969540,	106 
 110,21.6,	210,	225,	0.01,	6.09225e+06,	998.402,	8680823,	3473621,	1041898,	1029590,	983961,	1034723,	1022273,	979585,	96 
 111,21.8,	210,	225,	0.01,	6.15381e+06,	1012.95,	8780733,	3520992,	1052497,	1040187,	993663,	1045371,	1032787,	989079,	89 
 112,22,	210,	225,	0.01,	6.21297e+06,	1025.96,	8873678,	3568241,	1062616,	1050657,	1002873,	1055236,	1043078,	998290,	91 
 113,22.2,	210,	225,	0.01,	6.317e+06,	1040.54,	9012128,	3635367,	1080499,	1068778,	1019457,	1072600,	1060652,	1014793,	95 
 114,22.4,	210,	225,	0.01,	6.3761e+06,	1053.49,	9104598,	3680445,	1090731,	1078767,	1028826,	1083012,	1070528,	1024007,	108 
 115,22.6,	210,	225,	0.01,	6.42777e+06,	1067.6,	9194293,	3719537,	1099845,	1087789,	1036751,	1091985,	1079254,	1031922,	101 
 116,22.8,	210,	225,	0.01,	6.51174e+06,	1083.92,	9319438,	3786520,	1114275,	1102517,	1049767,	1106304,	1093676,	1044972,	105 
 117,23,	210,	225,	0.01,	6.61316e+06,	1101.54,	9464072,	3861804,	1132016,	1120109,	1065711,	1123347,	1110805,	1060949,	97 
 118,23.2,	210,	225,	0.01,	6.66296e+06,	1115.42,	9551630,	3897694,	1140701,	1128977,	1073370,	1132048,	1119088,	1068555,	95 
 119,23.4,	210,	225,	0.01,	6.76631e+06,	1130.42,	9690428,	3973017,	1158906,	1146900,	1089637,	1149387,	1136165,	1085090,	100 
 120,23.6,	210,	225,	0.01,	6.8333e+06,	1143.61,	9791387,	4017724,	1170207,	1158428,	1100259,	1160872,	1147482,	1095830,	101 
 121,23.8,	210,	225,	0.01,	6.92959e+06,	1158.39,	9924315,	4076771,	1186752,	1174300,	1115749,	1177379,	1163834,	1111355,	97 
 122,24,	210,	225,	0.01,	7.00837e+06,	1174.14,	10042947,	4139706,	1200097,	1188067,	1128301,	1190718,	1177462,	1123503,	87 
 123,24.2,	210,	225,	0.01,	7.06688e+06,	1187.73,	10137507,	4182824,	1210127,	1198339,	1137254,	1200734,	1187558,	1132646,	103 
 124,24.4,	210,	225,	0.01,	7.15004e+06,	1203.38,	10260636,	4241833,	1224301,	1212572,	1150622,	1215012,	1201586,	1145722,	109 
 125,24.6,	210,	225,	0.01,	7.28012e+06,	1220.27,	10428080,	4347019,	1246634,	1235200,	1171550,	1236931,	1223104,	1166479,	103 
 126,24.8,	210,	225,	0.01,	7.44294e+06,	1239.38,	10632117,	4462631,	1274078,	1262881,	1197896,	1264854,	1250396,	1192615,	95 
 127,25,	210,	225,	0.01,	7.54274e+06,	1255.95,	10771889,	4545225,	1291249,	1280644,	1213370,	1281540,	1267873,	1207835,	89 
 128,25.2,	210,	225,	0.01,	7.60967e+06,	1270.16,	10875582,	4594092,	1302704,	1291970,	1223978,	1293125,	1279295,	1218371,	98 
 129,25.4,	210,	225,	0.01,	7.7285e+06,	1287.9,	11037442,	4670198,	1322977,	1311985,	1243094,	1312922,	1299780,	1237514,	90 
 130,25.6,	210,	225,	0.01,	7.80968e+06,	1303.04,	11158521,	4716423,	1336983,	1326234,	1255941,	1326683,	1313254,	1250363,	97 
 131,25.8,	210,	225,	0.01,	7.88712e+06,	1319.34,	11278287,	4777933,	1350312,	1339593,	1268022,	1340011,	1326473,	1262486,	101 
 132,26,	210,	225,	0.01,	7.96539e+06,	1334.91,	11396476,	4833225,	1363527,	1352803,	1280581,	1353514,	1339771,	1274968,	98 
 133,26.2,	210,	225,	0.01,	8.07535e+06,	1351.46,	11547584,	4893796,	1382494,	1371539,	1298060,	1372053,	1358341,	1292638,	108 
 134,26.4,	210,	225,	0.01,	8.17424e+06,	1367.43,	11685683,	4969406,	1400055,	1388120,	1313728,	1388630,	1374979,	1308503,	96 
 135,26.6,	210,	225,	0.01,	8.27943e+06,	1382.73,	11827957,	5039974,	1418379,	1406131,	1330611,	1406583,	1392285,	1325217,	106 
 136,26.8,	210,	225,	0.01,	8.37155e+06,	1399.45,	11962341,	5112652,	1434005,	1421905,	1345258,	1422387,	1407953,	1339822,	104 
 137,27,	210,	225,	0.01,	8.48407e+06,	1416.94,	12117837,	5188003,	1453221,	1440826,	1364294,	1441734,	1426027,	1357748,	104 
 138,27.2,	210,	225,	0.01,	8.5771e+06,	1432.27,	12250033,	5238418,	1469000,	1456522,	1379346,	1457410,	1441711,	1372886,	100 
 139,27.4,	210,	225,	0.01,	8.63698e+06,	1445.73,	12346176,	5278932,	1479281,	1466699,	1389170,	1467687,	1451544,	1382378,	100 
 140,27.6,	210,	225,	0.01,	8.73337e+06,	1462.77,	12487010,	5333658,	1495893,	1483376,	1404682,	1484083,	1467541,	1397570,	101 
 141,27.8001,	210,	225,	0.01,	8.81685e+06,	1480.41,	12617204,	5397864,	1510384,	1497597,	1417936,	1498537,	1481598,	1410573,	114 
 142,28.0001,	210,	225,	0.01,	9.17473e+06,	1513.85,	13056350,	5556898,	1570508,	1557464,	1476614,	1558249,	1541075,	1470594,	124 
 143,28.2,	210,	225,	0.01,	9.24094e+06,	1525.61,	13150934,	5608801,	1581846,	1569300,	1486927,	1569175,	1552363,	1481109,	121 
 144,28.4,	210,	225,	0.01,	9.28581e+06,	1536.09,	13222833,	5636107,	1589729,	1576816,	1493862,	1577187,	1559858,	1488137,	118 
 145,28.6,	210,	225,	0.01,	9.32934e+06,	1546.91,	13294802,	5661672,	1597172,	1584374,	1500360,	1584766,	1567598,	1494847,	129 
 146,28.8,	210,	225,	0.01,	9.36314e+06,	1556.72,	13354311,	5685679,	1603259,	1590113,	1505419,	1590857,	1573382,	1499882,	120 
 147,29,	210,	225,	0.01,	9.41221e+06,	1567.05,	13428718,	5726393,	1611630,	1598335,	1513028,	1599253,	1582130,	1507606,	105 
 148,29.2,	210,	225,	0.01,	9.44595e+06,	1577.13,	13488934,	5754021,	1617771,	1604051,	1518127,	1605307,	1587846,	1512621,	121 
 149,29.4,	210,	225,	0.01,	9.48429e+06,	1587.34,	13553846,	5785098,	1624543,	1610986,	1523829,	1611846,	1594567,	1518293,	120 
 150,29.6,	210,	225,	0.01,	9.53452e+06,	1597.21,	13628978,	5815610,	1633043,	1619638,	1531721,	1620435,	1603250,	1526211,	118 
 151,29.8,	210,	225,	0.01,	9.59266e+06,	1608.02,	13713897,	5850410,	1643132,	1629269,	1541009,	1630331,	1613344,	1535350,	123 
 152,30,	210,	225,	0.01,	9.64351e+06,	1619.15,	13793031,	5881511,	1652320,	1638101,	1548555,	1638980,	1622153,	1543179,	121 
 153,30.2,	210,	225,	0.01,	9.6886e+06,	1629.15,	13863744,	5912920,	1660625,	1646122,	1555273,	1646581,	1629667,	1550112,	119 
 154,30.4,	210,	225,	0.01,	9.72497e+06,	1639.97,	13929309,	5938842,	1667144,	1652555,	1560456,	1653040,	1636230,	1555320,	109 
 155,30.6,	210,	225,	0.01,	9.77331e+06,	1652.33,	14009200,	5979351,	1675678,	1660888,	1567928,	1661342,	1644449,	1562802,	113 
 156,30.8,	210,	225,	0.01,	9.81393e+06,	1663.43,	14079074,	6006067,	1682908,	1668062,	1573913,	1668693,	1651524,	1568603,	127 
 157,31,	210,	225,	0.01,	9.8755e+06,	1675.73,	14170309,	6060185,	1693177,	1678704,	1583283,	1679485,	1662455,	1578167,	107 
 158,31.2,	210,	225,	0.01,	9.93299e+06,	1687.09,	14256027,	6093395,	1703380,	1688491,	1591956,	1689538,	1672453,	1586944,	115 
 159,31.4,	210,	225,	0.01,	1.00011e+07,	1699.9,	14354908,	6147013,	1714832,	1699890,	1602680,	1701651,	1684237,	1597541,	128 
 160,31.6,	210,	225,	0.01,	1.0061e+07,	1711.22,	14443073,	6183916,	1725173,	1710376,	1612000,	1712111,	1694244,	1606840,	112 
 161,31.8,	210,	225,	0.01,	1.01194e+07,	1722.07,	14528202,	6222219,	1735003,	1720288,	1621608,	1722003,	1704055,	1616228,	125 
 162,32,	210,	225,	0.01,	1.02242e+07,	1734.98,	14662148,	6276166,	1752522,	1738679,	1638436,	1739248,	1722099,	1633030,	130 
 163,32.2,	210,	225,	0.01,	1.02645e+07,	1745.38,	14729354,	6307186,	1759468,	1745692,	1644408,	1746186,	1729136,	1639385,	117 
 164,32.4,	210,	225,	0.01,	1.03315e+07,	1756.82,	14823890,	6356511,	1771253,	1756936,	1654922,	1757554,	1740205,	1650449,	121 
 165,32.6,	210,	225,	0.01,	1.04267e+07,	1769.22,	14947172,	6420831,	1787452,	1772659,	1669759,	1775060,	1756170,	1665422,	114 
 166,32.8,	210,	225,	0.01,	1.04742e+07,	1780.56,	15023959,	6458317,	1795730,	1780684,	1677086,	1783571,	1764230,	1672638,	107 
 167,33,	210,	225,	0.01,	1.05716e+07,	1791.26,	15146491,	6505170,	1812864,	1796988,	1692612,	1800063,	1780548,	1688309,	114 
 168,33.2,	210,	225,	0.01,	1.06431e+07,	1801.4,	15243171,	6557654,	1824910,	1809044,	1703907,	1812048,	1792895,	1700075,	115 
 169,33.4,	210,	225,	0.01,	1.06999e+07,	1810.99,	15324983,	6602891,	1834343,	1819487,	1712741,	1821500,	1802684,	1708912,	119 
 170,33.6,	210,	225,	0.01,	1.07575e+07,	1821.37,	15409614,	6650036,	1843932,	1829538,	1721923,	1831304,	1812740,	1717857,	127 
 171,33.8,	210,	225,	0.01,	1.08111e+07,	1831.49,	15489959,	6692188,	1853227,	1838855,	1730420,	1840337,	1821905,	1726128,	117 
 172,34,	210,	225,	0.01,	1.08495e+07,	1841.8,	15557368,	6718727,	1860039,	1845504,	1736110,	1846859,	1828591,	1732154,	107 
 173,34.2,	210,	225,	0.01,	1.08978e+07,	1851.97,	15632613,	6758622,	1868202,	1853725,	1743394,	1855018,	1836934,	1740353,	120 
 174,34.4001,	210,	225,	0.01,	1.093e+07,	1860.61,	15688878,	6785014,	1874032,	1859211,	1748079,	1860718,	1842464,	1745288,	128 
 175,34.6,	210,	225,	0.01,	1.09568e+07,	1869.38,	15739936,	6805840,	1878921,	1863741,	1752140,	1865456,	1847050,	1749258,	111 
 176,34.8,	210,	225,	0.01,	1.09945e+07,	1879.31,	15804836,	6832648,	1885433,	1870247,	1757850,	1872110,	1853672,	1754958,	117 
 177,35,	210,	225,	0.01,	1.10404e+07,	1889.2,	15876800,	6871451,	1893499,	1878157,	1764857,	1879992,	1861574,	1762107,	111 
 178,35.2,	210,	225,	0.01,	1.10893e+07,	1899.18,	15951068,	6913984,	1901879,	1886390,	1772408,	1888727,	1869942,	1769713,	110 
 179,35.4,	210,	225,	0.01,	1.1141e+07,	1909.44,	16029703,	6951904,	1910587,	1895200,	1780671,	1897700,	1878847,	1777753,	97 
 180,35.6,	210,	225,	0.01,	1.12019e+07,	1921.61,	16121999,	6998718,	1921170,	1905703,	1789979,	1908262,	1889435,	1787127,	110 
 181,35.8,	210,	225,	0.01,	1.12858e+07,	1932.5,	16232518,	7037251,	1935233,	1919851,	1804082,	1922518,	1903476,	1800456,	110 
 182,36,	210,	225,	0.01,	1.13464e+07,	1943.67,	16321002,	7084569,	1945635,	1930314,	1813575,	1932789,	1913996,	1809837,	125 
 183,36.2,	210,	225,	0.01,	1.14061e+07,	1954.18,	16405813,	7135876,	1955752,	1940734,	1822850,	1942814,	1923853,	1819901,	128 
 184,36.4,	210,	225,	0.01,	1.14566e+07,	1964.34,	16482031,	7177904,	1964674,	1949310,	1830842,	1951403,	1932303,	1827833,	117 
 185,36.6,	210,	225,	0.01,	1.15177e+07,	1976.63,	16574800,	7223674,	1975188,	1959727,	1840567,	1961898,	1942851,	1837237,	117 
 186,36.8,	210,	225,	0.01,	1.16088e+07,	1988.31,	16691335,	7304701,	1990991,	1975269,	1854905,	1976840,	1957866,	1852679,	124 
 187,37,	210,	225,	0.01,	1.17145e+07,	2000.54,	16822661,	7384826,	2008762,	1992794,	1872040,	1994060,	1975352,	1871293,	129 
 188,37.2,	210,	225,	0.01,	1.17894e+07,	2012.46,	16924913,	7452256,	2021698,	2005413,	1884189,	2006812,	1987561,	1883542,	119 
 189,37.4,	210,	225,	0.01,	1.18613e+07,	2024.15,	17024433,	7512106,	2033949,	2018024,	1895392,	2018930,	1999559,	1895270,	125 
 190,37.6,	210,	225,	0.01,	1.18999e+07,	2034,	17088825,	7541160,	2040663,	2024785,	1901322,	2025674,	2006038,	1901145,	115 
 191,37.8,	210,	225,	0.01,	1.19761e+07,	2045.11,	17192771,	7571668,	2053741,	2037877,	1913120,	2038719,	2019110,	1913267,	124 
 192,38,	210,	225,	0.01,	1.20483e+07,	2055.94,	17289202,	7635108,	2066000,	2050195,	1924702,	2050853,	2031168,	1925175,	125 
 193,38.2,	210,	225,	0.01,	1.20958e+07,	2067.4,	17366276,	7668754,	2074282,	2058474,	1932135,	2059115,	2039150,	1932371,	120 
 194,38.4,	210,	225,	0.01,	1.21545e+07,	2079.55,	17455283,	7712827,	2084214,	2068947,	1941573,	2069045,	2048988,	1941530,	109 
 195,38.6,	210,	225,	0.01,	1.21914e+07,	2090.38,	17520007,	7736735,	2090782,	2075249,	1947150,	2075728,	2055263,	1947008,	123 
 196,38.8,	210,	225,	0.01,	1.22392e+07,	2102.45,	17597203,	7772407,	2099300,	2083402,	1954382,	2084364,	2063370,	1954129,	105 
 197,39,	210,	225,	0.01,	1.23084e+07,	2114.44,	17693721,	7828281,	2111101,	2095167,	1965196,	2096216,	2075203,	1965268,	107 
 198,39.2,	210,	225,	0.01,	1.23356e+07,	2123.93,	17746287,	7849593,	2115708,	2100152,	1969251,	2100832,	2080102,	1969381,	114 
 199,39.4,	210,	225,	0.01,	1.24346e+07,	2135.49,	17869361,	7918395,	2132468,	2116960,	1985248,	2117437,	2096703,	1985587,	121 
 200,39.6,	210,	225,	0.01,	1.24687e+07,	2144.85,	17928314,	7938897,	2138715,	2122641,	1990374,	2123456,	2102437,	1990814,	113 
 201,39.8,	210,	225,	0.01,	1.25183e+07,	2156.57,	18007222,	7980003,	2147273,	2131083,	1997849,	2131845,	2111523,	1998478,	128 
 202,40,	210,	225,	0.01,	1.25733e+07,	2168.44,	18091599,	8022702,	2156942,	2140224,	2006769,	2141439,	2120682,	2007019,	115 
 203,40.2,	210,	225,	0.01,	1.26342e+07,	2179.09,	18177938,	8066792,	2167663,	2150382,	2016736,	2151973,	2130671,	2016567,	127 
 204,40.4,	210,	225,	0.01,	1.27215e+07,	2190.29,	18289883,	8118278,	2182449,	2165077,	2030966,	2166806,	2145233,	2030766,	129 
 205,40.6,	210,	225,	0.01,	1.27743e+07,	2201.57,	18370364,	8155864,	2191588,	2173830,	2039234,	2175839,	2154559,	2039038,	126 
 206,40.8,	210,	225,	0.01,	1.28918e+07,	2216.8,	18520454,	8233288,	2212130,	2193641,	2058055,	2195551,	2174104,	2058049,	127 
 207,41,	210,	225,	0.01,	1.29309e+07,	2229.15,	18590718,	8263161,	2219194,	2200270,	2063944,	2202672,	2180634,	2063950,	108 
 208,41.2001,	210,	225,	0.01,	1.30016e+07,	2242.14,	18689746,	8322499,	2231113,	2212315,	2075220,	2214843,	2192664,	2075175,	118 
 209,41.4,	210,	225,	0.01,	1.30402e+07,	2254.03,	18756483,	8348098,	2238062,	2218764,	2081171,	2221748,	2199163,	2081053,	125 
 210,41.6001,	210,	225,	0.01,	1.30816e+07,	2264.72,	18821838,	8383135,	2245591,	2225710,	2087486,	2228840,	2206313,	2087461,	131 
 211,41.8,	210,	225,	0.01,	1.31289e+07,	2277.83,	18898538,	8415013,	2253551,	2233907,	2095038,	2236974,	2214573,	2094614,	119 
 212,42,	210,	225,	0.01,	1.32378e+07,	2293.81,	19039023,	8498370,	2271635,	2252370,	2112493,	2255356,	2233252,	2112494,	116 
 213,42.2,	210,	225,	0.01,	1.33162e+07,	2308.48,	19146686,	8569182,	2285124,	2265898,	2124733,	2268605,	2246370,	2125250,	131 
 214,42.4,	210,	225,	0.01,	1.33512e+07,	2320.95,	19209234,	8596633,	2291323,	2271948,	2130091,	2274665,	2252340,	2130587,	124 
 215,42.6,	210,	225,	0.01,	1.34405e+07,	2334.39,	19325104,	8631724,	2306197,	2286878,	2144727,	2289710,	2267202,	2145554,	120 
 216,42.8,	210,	225,	0.01,	1.35349e+07,	2350.04,	19451420,	8683713,	2322350,	2303125,	2159839,	2305320,	2283436,	2160581,	119 
 217,43,	210,	225,	0.01,	1.36037e+07,	2365.01,	19551865,	8743389,	2334260,	2314851,	2170060,	2317902,	2295368,	2171052,	119 
 218,43.2,	210,	225,	0.01,	1.36561e+07,	2378.27,	19632546,	8789080,	2343364,	2323916,	2178098,	2326833,	2304672,	2178975,	123 
 219,43.4,	210,	225,	0.01,	1.37047e+07,	2390.06,	19706832,	8814250,	2351651,	2332490,	2186044,	2334882,	2312861,	2186582,	121 
 220,43.6,	210,	225,	0.01,	1.37724e+07,	2403.34,	19801274,	8844919,	2363326,	2343808,	2196663,	2347106,	2324155,	2197161,	128 
 221,43.8,	210,	225,	0.01,	1.38498e+07,	2417.03,	19904064,	8913453,	2376500,	2356810,	2209124,	2360673,	2336930,	2209556,	122 
 222,44,	210,	225,	0.01,	1.39111e+07,	2430.2,	19992561,	8939862,	2387079,	2367011,	2218700,	2371386,	2347515,	2219171,	109 
 223,44.2,	210,	225,	0.01,	1.39543e+07,	2443.71,	20064014,	8972261,	2394675,	2374591,	2225366,	2378752,	2354918,	2225801,	114 
 224,44.4,	210,	225,	0.01,	1.40249e+07,	2458.98,	20165770,	9016337,	2406807,	2386348,	2236105,	2390726,	2367459,	2237261,	131 
 225,44.6,	210,	225,	0.01,	1.41214e+07,	2474.38,	20290428,	9076741,	2423025,	2402309,	2252265,	2407218,	2383891,	2252442,	105 
 226,44.8001,	210,	225,	0.01,	1.4224e+07,	2490.76,	20423089,	9158386,	2440402,	2419731,	2269570,	2423882,	2401063,	2269115,	118 
 227,45,	210,	225,	0.01,	1.43001e+07,	2505.99,	20530450,	9207955,	2453399,	2432292,	2282260,	2437244,	2413709,	2280952,	125 
 228,45.2,	210,	225,	0.01,	1.44106e+07,	2521.3,	20668618,	9298500,	2471980,	2450657,	2300513,	2455751,	2432638,	2298872,	132 
 229,45.4,	210,	225,	0.01,	1.4491e+07,	2536.93,	20781038,	9346933,	2485567,	2464117,	2313138,	2469322,	2446907,	2311683,	128 
 230,45.6,	210,	225,	0.01,	1.46546e+07,	2562.67,	20991827,	9467460,	2513798,	2492192,	2339245,	2496376,	2473825,	2338928,	132 
 231,45.8,	210,	225,	0.01,	1.49031e+07,	2581.41,	21275005,	9540990,	2555553,	2535310,	2380056,	2537651,	2514703,	2379616,	144 
 232,46.0001,	210,	225,	0.01,	1.4984e+07,	2589.91,	21371720,	9618777,	2568928,	2548654,	2393362,	2551608,	2528651,	2392524,	132 
 233,46.2,	210,	225,	0.01,	1.50386e+07,	2598.9,	21446188,	9668033,	2577907,	2558025,	2402741,	2560921,	2537876,	2400876,	150 
 234,46.4,	210,	225,	0.01,	1.50588e+07,	2606.14,	21484458,	9683775,	2581371,	2561467,	2405911,	2564308,	2541480,	2404009,	149 
 235,46.6,	210,	225,	0.01,	1.50783e+07,	2613.35,	21522412,	9699696,	2584955,	2564964,	2408637,	2567895,	2544882,	2406743,	153 
 236,46.8,	210,	225,	0.01,	1.51341e+07,	2621.87,	21596532,	9749814,	2594295,	2574517,	2417729,	2577470,	2554374,	2415482,	144 
 237,47,	210,	225,	0.01,	1.51666e+07,	2630.15,	21648967,	9778292,	2599890,	2580343,	2422626,	2582907,	2560188,	2420380,	135 
 238,47.2001,	210,	225,	0.01,	1.51995e+07,	2637.39,	21699868,	9794696,	2605392,	2586138,	2427586,	2588850,	2566036,	2425301,	130 
 239,47.4,	210,	225,	0.01,	1.52405e+07,	2645.77,	21760548,	9831873,	2612323,	2594280,	2433618,	2595420,	2573297,	2431329,	126 
 240,47.6,	210,	225,	0.01,	1.52693e+07,	2653.31,	21807985,	9856774,	2617085,	2599564,	2437919,	2600447,	2578435,	2435665,	154 
 241,47.8,	210,	225,	0.01,	1.53569e+07,	2664.13,	21918597,	9921227,	2632542,	2614829,	2451572,	2615143,	2593372,	2449192,	141 
 242,48,	210,	225,	0.01,	1.54207e+07,	2672.95,	22001483,	9965155,	2643425,	2626284,	2461362,	2625901,	2604179,	2459348,	140 
 243,48.2,	210,	225,	0.01,	1.54432e+07,	2680.91,	22044430,	9983615,	2647230,	2630499,	2464505,	2629768,	2608415,	2462578,	129 
 244,48.4,	210,	225,	0.01,	1.54674e+07,	2688.25,	22087249,	10003920,	2651266,	2634861,	2468104,	2633867,	2612784,	2466301,	141 
 245,48.6,	210,	225,	0.01,	1.54857e+07,	2694.63,	22121738,	10018981,	2654458,	2638171,	2470753,	2637006,	2616065,	2469005,	128 
 246,48.8,	210,	225,	0.01,	1.55045e+07,	2701.58,	22157978,	10034162,	2657557,	2641466,	2473634,	2640170,	2619467,	2471953,	136 
 247,49,	210,	225,	0.01,	1.55203e+07,	2707.18,	22187950,	10046306,	2660354,	2644221,	2475985,	2642984,	2622184,	2474303,	140 
 248,49.2,	210,	225,	0.01,	1.55591e+07,	2714.86,	22244024,	10077138,	2667161,	2651074,	2482027,	2649613,	2628786,	2480251,	148 
 249,49.4,	210,	225,	0.01,	1.55857e+07,	2721.06,	22285666,	10093002,	2671793,	2655644,	2486140,	2654136,	2633311,	2484419,	137 
 250,49.6,	210,	225,	0.01,	1.56058e+07,	2727.34,	22321494,	10109785,	2675148,	2659407,	2489102,	2657529,	2636907,	2487449,	143 
 251,49.8,	210,	225,	0.01,	1.56273e+07,	2734.57,	22361200,	10127639,	2678933,	2663358,	2492216,	2661150,	2640869,	2490532,	144 
 252,50.0001,	210,	225,	0.01,	1.56523e+07,	2742.3,	22405781,	10148291,	2683322,	2667867,	2495895,	2665245,	2645472,	2494285,	138 
 253,50.2,	210,	225,	0.01,	1.56695e+07,	2748.13,	22438155,	10162664,	2686173,	2670989,	2498444,	2668110,	2648575,	2496938,	140 
 254,50.4001,	210,	225,	0.01,	1.57027e+07,	2756.39,	22492458,	10181262,	2692167,	2677059,	2503129,	2673652,	2654623,	2501801,	152 
 255,50.6,	210,	225,	0.01,	1.57336e+07,	2763.85,	22541859,	10204689,	2697296,	2682697,	2507690,	2678906,	2660196,	2506580,	152 
 256,50.8001,	210,	225,	0.01,	1.57557e+07,	2770.22,	22579510,	10223272,	2701131,	2686372,	2511169,	2682922,	2663949,	2509938,	141 
 257,51,	210,	225,	0.01,	1.58012e+07,	2777.69,	22642367,	10243841,	2708727,	2694355,	2518472,	2690530,	2671618,	2517292,	132 
 258,51.2,	210,	225,	0.01,	1.58643e+07,	2786.25,	22722738,	10295618,	2719120,	2704945,	2528845,	2701138,	2682229,	2527784,	146 
 259,51.4,	210,	225,	0.01,	1.59023e+07,	2795.21,	22782017,	10326317,	2725545,	2711388,	2534565,	2708179,	2688802,	2533563,	130 
 260,51.6,	210,	225,	0.01,	1.59513e+07,	2804.33,	22850991,	10370423,	2733922,	2719248,	2543127,	2716735,	2696825,	2541242,	140 
 261,51.8,	210,	225,	0.01,	1.59784e+07,	2812.57,	22897391,	10392416,	2738954,	2723877,	2547036,	2721703,	2701418,	2545185,	143 
 262,52,	210,	225,	0.01,	1.60089e+07,	2820.37,	22946084,	10418642,	2744486,	2728838,	2551834,	2727290,	2706367,	2549864,	137 
 263,52.2,	210,	225,	0.01,	1.60347e+07,	2827.6,	22989270,	10438747,	2749055,	2733220,	2555742,	2732045,	2710832,	2553601,	136 
 264,52.4001,	210,	225,	0.01,	1.60905e+07,	2835.62,	23061929,	10485315,	2758517,	2743046,	2564794,	2741564,	2720229,	2562107,	140 
 265,52.6,	210,	225,	0.01,	1.61155e+07,	2842.58,	23103712,	10505280,	2762785,	2747557,	2568534,	2745925,	2724716,	2565794,	144 
 266,52.8,	210,	225,	0.01,	1.61385e+07,	2849.26,	23143741,	10524856,	2766846,	2751821,	2571870,	2749845,	2729020,	2568917,	142 
 267,53,	210,	225,	0.01,	1.61646e+07,	2856.25,	23187100,	10546586,	2771226,	2756591,	2575788,	2754175,	2733604,	2572971,	137 
 268,53.2001,	210,	225,	0.01,	1.61856e+07,	2863.84,	23227435,	10563720,	2774879,	2760355,	2578824,	2757957,	2737297,	2576104,	133 
 269,53.4,	210,	225,	0.01,	1.62078e+07,	2871.45,	23268623,	10580042,	2778565,	2764264,	2582326,	2761688,	2741245,	2579447,	138 
 270,53.6,	210,	225,	0.01,	1.6225e+07,	2877.77,	23302258,	10594208,	2781603,	2767412,	2584758,	2764683,	2744424,	2581860,	142 
 271,53.8,	210,	225,	0.01,	1.6245e+07,	2884.81,	23340380,	10610269,	2785139,	2770981,	2587645,	2768242,	2748058,	2584717,	138 
 272,54,	210,	225,	0.01,	1.62961e+07,	2894.52,	23414052,	10652980,	2793898,	2779522,	2595674,	2777626,	2756651,	2592529,	142 
 273,54.2,	210,	225,	0.01,	1.63162e+07,	2901.65,	23452031,	10669643,	2797213,	2783315,	2598586,	2780999,	2760300,	2595544,	149 
 274,54.4,	210,	225,	0.01,	1.63854e+07,	2910.8,	23539989,	10718904,	2809199,	2794774,	2609561,	2793279,	2771784,	2606547,	149 
 275,54.6,	210,	225,	0.01,	1.64287e+07,	2920.17,	23604614,	10751548,	2816869,	2802323,	2616156,	2800918,	2779166,	2613045,	148 
 276,54.8,	210,	225,	0.01,	1.64986e+07,	2928.96,	23694295,	10776723,	2828501,	2814503,	2627490,	2812581,	2791124,	2624208,	135 
 277,55,	210,	225,	0.01,	1.65556e+07,	2936.94,	23768301,	10817148,	2838073,	2824241,	2636372,	2822126,	2801368,	2633242,	144 
 278,55.2,	210,	225,	0.01,	1.65905e+07,	2944.33,	23820590,	10847869,	2843909,	2830738,	2641821,	2827959,	2807436,	2638433,	144 
 279,55.4,	210,	225,	0.01,	1.66368e+07,	2951.81,	23883382,	10888610,	2851690,	2838633,	2649262,	2835711,	2815239,	2645992,	150 
 280,55.6,	210,	225,	0.01,	1.66606e+07,	2959.37,	23926194,	10905365,	2855881,	2842971,	2652762,	2839805,	2819550,	2649453,	140 
 281,55.8,	210,	225,	0.01,	1.66783e+07,	2965.7,	23960180,	10919605,	2859012,	2846149,	2655275,	2842930,	2822770,	2651979,	149 
 282,56,	210,	225,	0.01,	1.66963e+07,	2971.88,	23993877,	10933733,	2862197,	2849403,	2657843,	2845991,	2826019,	2654617,	140 
 283,56.2001,	210,	225,	0.01,	1.67321e+07,	2979.64,	24047526,	10965298,	2868314,	2855507,	2663253,	2852159,	2832218,	2660417,	141 
 284,56.4,	210,	225,	0.01,	1.67512e+07,	2986.31,	24083472,	10980582,	2871709,	2858879,	2666042,	2855533,	2835631,	2663175,	134 
 285,56.6,	210,	225,	0.01,	1.68082e+07,	2994.61,	24158432,	11031582,	2881506,	2868066,	2675259,	2865157,	2844931,	2673073,	132 
 286,56.8001,	210,	225,	0.01,	1.68527e+07,	3001.97,	24219009,	11073119,	2889078,	2875694,	2682205,	2873079,	2852467,	2679995,	145 
 287,57,	210,	225,	0.01,	1.68697e+07,	3008.36,	24252213,	11087084,	2891947,	2878904,	2684595,	2875963,	2855663,	2682381,	141 
 288,57.2,	210,	225,	0.01,	1.68955e+07,	3015.22,	24294593,	11107264,	2896509,	2883194,	2688670,	2880442,	2859943,	2686495,	147 
 289,57.4,	210,	225,	0.01,	1.69295e+07,	3023,	24347714,	11124220,	2902398,	2889218,	2693802,	2886514,	2865746,	2691600,	148 
 290,57.6,	210,	225,	0.01,	1.69691e+07,	3031.09,	24405947,	11157738,	2909623,	2896002,	2700031,	2893004,	2872412,	2697780,	135 
 291,57.8,	210,	225,	0.01,	1.69872e+07,	3037.48,	24440036,	11172889,	2912827,	2899222,	2702730,	2896131,	2875678,	2700371,	144 
 292,58,	210,	225,	0.01,	1.70204e+07,	3043.89,	24488220,	11203386,	2918465,	2904896,	2707943,	2901759,	2881547,	2705590,	133 
 293,58.2,	210,	225,	0.01,	1.71301e+07,	3054.67,	24617879,	11293967,	2937346,	2923628,	2726030,	2920349,	2899491,	2723053,	137 
 294,58.4,	210,	225,	0.01,	1.71916e+07,	3062.63,	24696376,	11337932,	2947652,	2934091,	2735942,	2930554,	2910205,	2732935,	146 
 295,58.6,	210,	225,	0.01,	1.72764e+07,	3071.48,	24798404,	11399355,	2961873,	2948742,	2749320,	2945317,	2924287,	2746648,	121 
 296,58.8,	210,	225,	0.01,	1.7297e+07,	3079.26,	24838822,	11415842,	2965653,	2952470,	2752137,	2949045,	2927974,	2749527,	139 
 297,59,	210,	225,	0.01,	1.7347e+07,	3086.6,	24904452,	11461088,	2974422,	2960815,	2759904,	2957643,	2936473,	2757517,	147 
 298,59.2,	210,	225,	0.01,	1.73696e+07,	3093.93,	24944481,	11480125,	2978553,	2964473,	2763317,	2961971,	2940222,	2760832,	153 
 299,59.4001,	210,	225,	0.01,	1.73882e+07,	3099.81,	24977507,	11495693,	2981905,	2967680,	2766201,	2965252,	2943420,	2763560,	133 
 300,59.6,	210,	225,	0.01,	1.74245e+07,	3106.37,	25029074,	11523550,	2988142,	2973994,	2771702,	2971616,	2949631,	2769152,	146 
 301,59.8,	210,	225,	0.01,	1.74601e+07,	3112.84,	25080902,	11539618,	2993999,	2979972,	2777481,	2977801,	2955743,	2774842,	139 
 302,60,	210,	225,	0.01,	1.74836e+07,	3120.4,	25124067,	11557307,	2998212,	2984201,	2780877,	2981922,	2959806,	2778382,	135 
 303,60.2001,	210,	225,	0.01,	1.75061e+07,	3127.58,	25164843,	11576708,	3002200,	2988199,	2783997,	2985938,	2963948,	2781559,	146 
 304,60.4,	210,	225,	0.01,	1.75394e+07,	3135.37,	25216376,	11603161,	3007905,	2993934,	2789062,	2991788,	2969729,	2786727,	140 
 305,60.6001,	210,	225,	0.01,	1.7604e+07,	3143.24,	25297517,	11641146,	3019916,	3004765,	2799327,	3002289,	2980348,	2797087,	149 
 306,60.8,	210,	225,	0.01,	1.76697e+07,	3152.15,	25381833,	11699868,	3030610,	3016204,	2811032,	3012853,	2991238,	2807519,	134 
 307,61,	210,	225,	0.01,	1.77011e+07,	3160.5,	25433859,	11727089,	3035992,	3021952,	2815798,	3018197,	2996819,	2812143,	141 
 308,61.2,	210,	225,	0.01,	1.77253e+07,	3167.88,	25476446,	11747055,	3039933,	3026377,	2819599,	3022219,	3001300,	2815696,	126 
 309,61.4,	210,	225,	0.01,	1.77519e+07,	3175.3,	25521545,	11768838,	3044606,	3030928,	2823781,	3026961,	3005718,	2819657,	134 
 310,61.6,	210,	225,	0.01,	1.78389e+07,	3185.42,	25629083,	11828269,	3059140,	3045346,	2838385,	3041458,	3019918,	2834421,	134 
 311,61.8001,	210,	225,	0.01,	1.78614e+07,	3193.71,	25671980,	11845989,	3062865,	3049630,	2841581,	3045314,	3024151,	2837603,	137 
 312,62,	210,	225,	0.01,	1.79156e+07,	3201.6,	25742866,	11895961,	3071946,	3058806,	2850057,	3054567,	3033365,	2846672,	134 
 313,62.2,	210,	225,	0.01,	1.79388e+07,	3209.45,	25785329,	11914638,	3075966,	3063091,	2853271,	3058618,	3037718,	2849916,	138 
 314,62.4,	210,	225,	0.01,	1.79621e+07,	3216.57,	25825933,	11934472,	3080264,	3067141,	2856706,	3062876,	3041648,	2853280,	148 
 315,62.6,	210,	225,	0.01,	1.7989e+07,	3223.32,	25868829,	11956636,	3085088,	3071835,	2860769,	3067453,	3046049,	2857544,	148 
 316,62.8,	210,	225,	0.01,	1.80061e+07,	3230.12,	25902704,	11970684,	3088306,	3074819,	2863227,	3070692,	3048916,	2859962,	144 
 317,63,	210,	225,	0.01,	1.80647e+07,	3238.97,	25979770,	12023710,	3098371,	3084617,	2872488,	3080693,	3058981,	2869316,	132 
 318,63.2,	210,	225,	0.01,	1.81512e+07,	3248.3,	26085640,	12076683,	3112889,	3099413,	2886323,	3094960,	3073386,	2883960,	146 
 319,63.4,	210,	225,	0.01,	1.81987e+07,	3255.55,	26148845,	12121139,	3120627,	3107808,	2894087,	3102843,	3081435,	2891718,	133 
 320,63.6,	210,	225,	0.01,	1.82611e+07,	3262.96,	26227518,	12139051,	3131644,	3118311,	2903998,	3113509,	3091861,	2901583,	127 
 321,63.8,	210,	225,	0.01,	1.82921e+07,	3269.36,	26273215,	12156862,	3137007,	3123359,	2909009,	3118778,	3097059,	2906655,	148 
 322,64,	210,	225,	0.01,	1.83261e+07,	3276.85,	26324852,	12182533,	3143048,	3128963,	2914165,	3124603,	3102837,	2912263,	144 
 323,64.2001,	210,	225,	0.01,	1.8384e+07,	3284.65,	26399580,	12224450,	3152993,	3138683,	2923775,	3134432,	3112666,	2921265,	151 
 324,64.4,	210,	225,	0.01,	1.84321e+07,	3292.05,	26463638,	12269626,	3160904,	3146726,	2931123,	3142614,	3121328,	2929198,	137 
 325,64.6,	210,	225,	0.01,	1.84675e+07,	3300.12,	26518160,	12293306,	3166945,	3152912,	2936612,	3148654,	3127642,	2934538,	141 
 326,64.8,	210,	225,	0.01,	1.85611e+07,	3308.72,	26628658,	12330704,	3182520,	3168580,	2951826,	3164034,	3144164,	2949720,	139 
 327,65.0001,	210,	225,	0.01,	1.85793e+07,	3315.45,	26663959,	12345578,	3185628,	3171932,	2954539,	3167060,	3147525,	2952422,	151 
 328,65.2,	210,	225,	0.01,	1.8623e+07,	3322.88,	26724316,	12382781,	3193073,	3179219,	2961112,	3174615,	3155647,	2959085,	133 
 329,65.4001,	210,	225,	0.01,	1.86556e+07,	3330.66,	26775744,	12411580,	3198514,	3185007,	2966050,	3180143,	3161449,	2964170,	150 
 330,65.6,	210,	225,	0.01,	1.86749e+07,	3336.56,	26809900,	12425610,	3201992,	3188390,	2968893,	3183505,	3164838,	2967019,	143 
 331,65.8,	210,	225,	0.01,	1.87143e+07,	3343.92,	26866463,	12460843,	3208488,	3195012,	2975153,	3190016,	3172004,	2973387,	136 
 332,66.0001,	210,	225,	0.01,	1.87438e+07,	3351.85,	26915630,	12483213,	3213531,	3200337,	2979666,	3195068,	3177230,	2977731,	155 
 333,66.2,	210,	225,	0.01,	1.87996e+07,	3359.37,	26986812,	12531509,	3223300,	3209556,	2988804,	3204451,	3186481,	2986818,	134 
 334,66.4,	210,	225,	0.01,	1.88208e+07,	3367.12,	27027392,	12548894,	3226995,	3213476,	2991811,	3208109,	3190364,	2989846,	138 
 335,66.6,	210,	225,	0.01,	1.88539e+07,	3374.68,	27078348,	12575388,	3232816,	3219203,	2996855,	3213836,	3195979,	2994944,	118 
 336,66.8,	210,	225,	0.01,	1.88925e+07,	3382.3,	27135008,	12592869,	3239446,	3225689,	3002698,	3220486,	3203188,	3000786,	136 
 337,67,	210,	225,	0.01,	1.89619e+07,	3391.16,	27222272,	12650683,	3251079,	3237297,	3013799,	3231984,	3215651,	3011893,	148 
 338,67.2,	210,	225,	0.01,	1.90139e+07,	3399.54,	27292999,	12682556,	3259800,	3245791,	3021857,	3240748,	3225125,	3020345,	137 
 339,67.4,	210,	225,	0.01,	1.90532e+07,	3407.41,	27349862,	12715855,	3266671,	3252507,	3027872,	3247416,	3231894,	3026655,	134 
 340,67.6001,	210,	225,	0.01,	1.91018e+07,	3414.97,	27414514,	12742151,	3274762,	3260635,	3035770,	3255388,	3240665,	3034405,	145 
 341,67.8,	210,	225,	0.01,	1.91289e+07,	3423.45,	27461543,	12765258,	3279532,	3265416,	3039582,	3260340,	3245387,	3038405,	140 
 342,68,	210,	225,	0.01,	1.91485e+07,	3430.6,	27499188,	12781207,	3282941,	3269008,	3042382,	3263808,	3248990,	3041174,	136 
 343,68.2,	210,	225,	0.01,	1.91671e+07,	3437.13,	27533973,	12796861,	3286216,	3272264,	3045090,	3267056,	3252308,	3043900,	140 
 344,68.4001,	210,	225,	0.01,	1.92015e+07,	3444.25,	27584923,	12828224,	3291848,	3278040,	3050105,	3272752,	3259352,	3049148,	141 
 345,68.6,	210,	225,	0.01,	1.92183e+07,	3450.6,	27617994,	12842304,	3294854,	3281221,	3052373,	3275805,	3262432,	3051419,	146 
 346,68.8,	210,	225,	0.01,	1.92475e+07,	3459.25,	27668770,	12863678,	3300073,	3286289,	3056623,	3280940,	3267647,	3055675,	141 
 347,69,	210,	225,	0.01,	1.9285e+07,	3466.17,	27723215,	12882749,	3306394,	3292711,	3062502,	3287059,	3274581,	3061530,	130 
 348,69.2,	210,	225,	0.01,	1.93908e+07,	3476.05,	27845876,	12983677,	3324572,	3310557,	3079479,	3304653,	3292362,	3078940,	150 
 349,69.4,	210,	225,	0.01,	1.94114e+07,	3483.3,	27884999,	12999717,	3328255,	3314268,	3082445,	3308282,	3296009,	3081906,	146 
 350,69.6,	210,	225,	0.01,	1.94351e+07,	3489.74,	27924614,	13017845,	3332429,	3318395,	3085886,	3312343,	3300316,	3085479,	139 
 351,69.8,	210,	225,	0.01,	1.94704e+07,	3496.99,	27976904,	13047245,	3338157,	3324474,	3091324,	3318222,	3306461,	3091504,	146 
 352,70,	210,	225,	0.01,	1.95072e+07,	3503.86,	28029300,	13074750,	3344230,	3330712,	3097035,	3324327,	3312745,	3097917,	140 
 353,70.2,	210,	225,	0.01,	1.95459e+07,	3511.36,	28085322,	13108633,	3351003,	3337417,	3103411,	3330968,	3319021,	3103832,	135 
 354,70.4,	210,	225,	0.01,	1.95634e+07,	3517.79,	28119452,	13122948,	3354004,	3340648,	3105860,	3333941,	3322325,	3106351,	129 
 355,70.6,	210,	225,	0.01,	1.96103e+07,	3524.69,	28181822,	13154132,	3361726,	3348557,	3113942,	3341751,	3330374,	3113704,	128 
 356,70.8,	210,	225,	0.01,	1.96545e+07,	3531.21,	28240464,	13186165,	3369316,	3355863,	3121141,	3349500,	3337789,	3120643,	152 
 357,71,	210,	225,	0.01,	1.9679e+07,	3537.39,	28280068,	13200910,	3373505,	3360216,	3125088,	3353722,	3341967,	3124265,	123 
 358,71.2,	210,	225,	0.01,	1.97876e+07,	3547.51,	28408047,	13267716,	3391824,	3379690,	3142310,	3371873,	3360035,	3141665,	140 
 359,71.4,	210,	225,	0.01,	1.9852e+07,	3556.9,	28492149,	13327467,	3402299,	3390643,	3152702,	3382170,	3371227,	3152749,	132 
 360,71.6,	210,	225,	0.01,	1.98791e+07,	3564.21,	28537113,	13350143,	3407165,	3395660,	3156594,	3386672,	3376114,	3156674,	150 
 361,71.8,	210,	225,	0.01,	1.9918e+07,	3571.87,	28594409,	13376857,	3413821,	3402584,	3162663,	3393099,	3383048,	3162578,	145 
 362,72,	210,	225,	0.01,	1.99349e+07,	3578.23,	28627392,	13390581,	3416879,	3405415,	3165182,	3396228,	3385916,	3165090,	136 

